,0,1,2,3,4,5,6,7,8,9,10,11,12,13,14
0,0.02346672327,1.06732205714e+18,0.00331221067699,0.00192306028659,0.00191083864005,20.0,23.7093186,3.0,1.32116365672e-05,0.0,3.84662018967,0.0,0.0,-0.0005936025565,-0.000519402296429
1,0.107334656645,8593617712.03,0.00359781596103,0.00825723473275,0.00875556159761,10320.0,5972.008609,5.0,9.05118852755e-05,0.0,3.52171865919,0.0,0.0,0.00160538543698,0.0012249298358
2,0.0409991531855,3.50381573193e+14,0.00361134301865,0.00242529365533,0.00337573945625,10.0,13.03960799,0.0,1.5761912113e-10,0.0,2.85336899065,0.0,0.0,0.000488759213567,0.00103898588093
3,0.0321787781711,3.07166474932e+18,0.00339848883469,0.00256515940768,0.00274759950137,26860.0,14796.38635,1.0,7.30375613632e-07,0.0,2.29340541783,0.0,0.0,-0.000358486966344,-0.00027581464129
4,0.0177139554366,1.26278636663e+23,0.00310602907291,0.0013135984477,0.00144807660694,11780.0,23706.85906,5.0,0.000241742969467,0.0,2.35717320151,0.0,0.0,0.000166032927562,0.000114896075734
5,0.0241790901254,5.34667032696e+16,0.00330048215788,0.00154766705042,0.00201648449823,10.0,9.051673665,3.0,2.77098293331e-05,0.0,2.93637958959,0.0,0.0,0.000471769140375,0.000499493577931
6,0.204223564463,3345876.99157,0.0036363303928,0.0169207514419,0.0165320457292,41710.0,17747.3492,11.0,0.000592990039124,0.0,3.40974030182,0.0,0.0,0.00135241236268,0.00135559726914
7,0.0232079206295,5.5287043824e+18,0.00325601382344,0.00218870437806,0.00190677167385,23910.0,62584.15013,2.0,9.21948866445e-07,0.0,2.8707093476,0.0,0.0,0.000210220635845,0.000166870133606
8,0.044200033354,1.07238297596e+19,0.00339158629993,0.0034281626463,0.00362173120755,10760.0,24240.98038,2.0,1.86999893417e-05,0.0,3.58373002032,0.0,0.0,-9.65192073196e-05,-7.96339078202e-05
9,0.0259043278614,3.72278874616e+20,0.00335680435001,0.00209305687596,0.00213930188324,27040.0,10551.00601,6.0,0.00105591250727,0.0,2.20665117571,0.0,0.0,0.000141753730513,-3.17932496082e-05
10,0.00948095747892,1.30653246154e+22,0.00308344917593,0.000836129042902,0.0007730592975,9820.0,8939.187933,8.0,0.000441849194507,0.0,2.33642885478,0.0,0.0,-9.90732175075e-05,-7.96904441185e-05
11,0.00435184837464,5.14617367705e+22,0.0023399653503,0.00034585720579,0.000375049768566,1700.0,571.6821247,0.0,1.11099896185e-09,0.0,0.291923216915,0.0,0.0,0.000177031587278,0.000175134304832
12,0.0165869363655,6.46702519915e+18,0.00327001435465,0.00139703069004,0.00135801114915,6170.0,35838.4553,2.0,1.1663387295e-06,0.0,2.1510277533,0.0,0.0,5.04211801921e-05,5.74289497406e-05
13,0.000160773570944,6.9195160458e+27,0.000685811889649,1.18781398136e-05,1.25213336392e-05,0.0,0.0,0.0,3.19965332783e-12,0.0,0.0137463664667,0.0,0.0,-9.08779645651e-06,-9.28827287808e-06
14,0.0137310861218,6.77445757567e+21,0.00297161467858,0.00113614239004,0.00111337949466,20.0,18.74343627,1.0,1.0542091722e-08,0.0,3.48177449058,0.0,0.0,4.06291847664e-05,6.78483024052e-05
15,0.0493321938201,6.79488115881e+14,0.00347162666551,0.00410351135304,0.00405062580575,1470.0,612.7987851,0.0,8.54699257227e-13,0.0,2.44765109055,0.0,0.0,0.00246056693699,0.00268983930795
16,0.00663110145983,8.11945238076e+21,0.00265854747114,0.000555671835218,0.000550051180686,10.0,2.577941917,0.0,3.18614773103e-11,0.0,0.724120633396,0.0,0.0,-0.000214172651036,-0.000271320554292
17,0.128756924012,6697298419.45,0.00364119043714,0.0105924483048,0.0106111258969,95510.0,92248.73045,5.0,0.00135402177686,0.0,2.42717536678,0.0,0.0,0.000854010579785,0.000655153679295
18,0.00606507824613,2.14079643626e+21,0.00283370728056,0.000609465315525,0.000493634482551,13820.0,55482.71654,1.0,1.12940376958e-06,0.0,1.37888615536,0.0,0.0,3.86546080371e-05,0.000136792190061
19,0.0180439065817,8.65264162648e+20,0.00301889625777,0.00180999151713,0.00145801177783,30.0,64.82609269,0.0,8.02572533424e-19,0.0,1.9745839298,0.0,0.0,-0.00103458954103,-0.000801546853219
20,0.238853666513,2026535425.41,0.00365096450882,0.0197269438525,0.0192136889561,85930.0,24790.42199,3.0,9.03205193583e-05,0.0,4.85255761179,0.0,0.0,0.000871686494282,0.000603513109784
21,0.0328567201899,4.12542875486e+18,0.00339485019147,0.00236587689473,0.0029163121856,20.0,18.58935344,0.0,7.25166817107e-08,0.0,2.185364711,0.0,0.0,-0.000620227328087,-0.00073695173945
22,0.0254630365011,1.01795435959e+18,0.00329717984268,0.00171634067902,0.0020774933227,13200.0,4345.208984,2.0,1.02024850304e-06,0.0,2.00065760495,0.0,0.0,-0.000357237862983,-0.000404326480484
23,0.0321703751314,4.26713734755e+17,0.00338911023635,0.00218113060362,0.00261997069106,130.0,333.9337471,5.0,0.000154862705484,0.0,3.57187968951,0.0,0.0,-5.03703365556e-05,-0.000110558638402
24,0.00391340642229,3.4043442908e+22,0.00184058524427,0.000339500452826,0.000316748552274,10.0,7.861092916,9.0,0.000490970661786,0.0,0.972641689648,0.0,0.0,-5.62426077488e-05,-4.15537719548e-05
25,0.318542590975,2525465.0405,0.00365633840662,0.0236275666106,0.0261343574103,138500.0,17594.24943,14.0,0.0203200153742,0.0,2.95969380056,0.0,0.0,0.00127292039898,0.00101739216197
26,0.0172642155963,6.23300699214e+21,0.00327758722004,0.00136073527658,0.00140690430635,890.0,813.577212,4.0,4.88762455508e-05,0.0,2.91152782418,0.0,0.0,0.000309120315133,8.20312246348e-05
27,0.0301887056386,1.97209497596e+18,0.00314954813398,0.00259437324129,0.00246736250934,0.0,0.0,0.0,3.20207707263e-22,0.0,1.61586820735,0.0,0.0,-0.000871029047286,-0.000904918328305
28,0.0272207062614,2.24905103276e+16,0.00341071304747,0.00236191797345,0.00221803433815,8220.0,18331.70736,5.0,0.000175429562314,0.0,3.94597630476,0.0,0.0,9.86797498823e-05,-7.41309508382e-05
29,0.0368790099538,1.42846394703e+18,0.00352049936763,0.00310670567041,0.00301353179344,160.0,29.89915322,5.0,0.000340832532899,0.0,2.91861244211,0.0,0.0,0.00114824020732,0.0008414813025
30,0.0211548860203,8.22096483556e+17,0.00336683044367,0.00176960586845,0.00171811585751,12190.0,6764.116361,4.0,4.16271420408e-05,0.0,2.4315198798,0.0,0.0,0.000137232770769,0.000143684209224
31,0.0194252220026,1.05453142174e+19,0.00332219458906,0.00153847003109,0.00158016276989,16470.0,36224.99825,1.0,7.50838426639e-08,0.0,2.09329955609,0.0,0.0,0.000152939032635,1.65086870398e-05
32,0.0792688397623,2.22983511528e+11,0.00360767606636,0.00642333327791,0.00643637618823,44800.0,46287.53554,10.0,0.00239972713696,0.0,3.63447990843,0.0,0.0,0.000651869539687,0.000720958456752
33,0.0175763772435,9.72471167306e+20,0.00291312358781,0.00135713447002,0.00142447442468,6930.0,11307.70681,4.0,2.76609289616e-05,0.0,2.76728143035,0.0,0.0,0.000548117682838,0.000661978351596
34,0.0441335549942,8.6774657798e+16,0.0034362641695,0.00341626384627,0.00359499373538,16670.0,11577.14711,4.0,3.47694805384e-05,0.0,2.65554585755,0.0,0.0,-0.000577294009681,-0.000570700828598
35,0.00137317131826,1.04523032628e+28,0.00146708653654,0.000120222435271,0.000112891791372,0.0,0.0,0.0,3.43407276913e-19,0.0,0.101379299751,0.0,0.0,-8.15452838062e-05,-8.21524078005e-05
36,0.0310401080275,2.79249565049e+15,0.0034506113414,0.0023730556165,0.00253570574053,40.0,43.20076801,6.0,7.57581925535e-05,0.0,2.57527149815,0.0,0.0,-0.000909346893354,-0.00097979316985
37,0.00976718679946,3.28634374361e+22,0.00259450355792,0.00115065505802,0.000782701006329,10.0,4.574601241,3.0,9.53820388571e-06,0.0,2.503874368,0.0,0.0,-1.08032181574e-05,7.65283785026e-05
38,0.0196298766574,1.33593520549e+16,0.00339580512647,0.00193739220356,0.0016073192915,15190.0,11965.10659,9.0,0.0312391564344,0.0,2.50955866094,0.0,0.0,0.000104710093406,-4.34928112477e-05
39,0.0602370381846,2.45300272294e+18,0.00336162947024,0.00501588903494,0.00481050294105,36330.0,64584.64118,2.0,1.38654474231e-05,0.0,5.93278592118,0.0,0.0,0.000978412308949,0.00102810632774
40,0.0717858161084,3.34944348049e+13,0.00354915931062,0.00571387900784,0.00584595788825,28630.0,12913.91931,5.0,0.00131461016297,0.0,3.79534969226,0.0,0.0,-0.000650990209065,-0.000505457991594
41,0.0375777565656,2.69788248259e+16,0.0034970240599,0.00338486467043,0.00309275001366,35840.0,36767.35724,7.0,0.00145852409942,0.0,2.64533811053,0.0,0.0,0.000488220125946,0.000646771081497
42,0.0200646368189,2.35893522978e+19,0.00327646100178,0.00107774721868,0.00163170470733,0.0,0.0,3.0,6.67609740027e-06,0.0,3.19249310324,0.0,0.0,-0.000190372941452,-0.000426285521609
43,0.0120617292836,4.26144044973e+20,0.00315109754422,0.00095176538188,0.00097703416048,4320.0,5670.550685,3.0,3.11297918529e-05,0.0,1.99804745664,0.0,0.0,-3.05838037246e-05,-8.52664117054e-05
44,0.0374628853634,9.06000403318e+14,0.00352353407404,0.00285097398017,0.00305740426562,11880.0,2724.229172,2.0,2.24621244199e-06,0.0,3.09660499265,0.0,0.0,-0.000167193858499,-0.000118393761994
45,0.0492710125805,1.28511490482e+18,0.00342135392255,0.00388107123968,0.00400942394523,4830.0,2676.244495,12.0,0.00379110900076,0.0,4.31716109695,0.0,0.0,0.000368067355102,4.17595687519e-05
46,0.0473935759726,5.66080471015e+14,0.00353739953574,0.00407337153754,0.00389469013365,38840.0,41275.56624,2.0,4.7322903654e-09,0.0,2.7047690562,0.0,0.0,0.00037489287198,0.000323900954953
47,0.106255532049,0.0,0.00360024574552,0.0116091831824,0.00861066103938,14610.0,17088.41195,4.0,3.27979505651e-05,0.0,2.82907733598,0.0,0.0,-0.000558946816651,0.00125093830132
48,0.015252787885,3.27971772481e+20,0.00318608719108,0.00127047024479,0.00124131550133,16400.0,413845.5668,2.0,2.0091127412e-07,0.0,1.77823010517,0.0,0.0,-3.34692652858e-05,-9.61654772427e-05
49,0.020502256336,2.11686606017e+20,0.00321464592628,0.00179538136436,0.0016625980134,2440.0,2798.318881,5.0,0.00101120718021,0.0,3.70773905199,0.0,0.0,-0.00013488132745,-9.19869890196e-05
50,0.0139635281785,6.63000072687e+20,0.0031310168635,0.00114770944285,0.00115070938548,8610.0,15766.05247,3.0,6.57433225095e-07,0.0,2.34069607984,0.0,0.0,-0.000123494631384,-0.000181943018621
51,0.00955237016638,7.61208235218e+22,0.00302279888557,0.000947674199519,0.000796742806922,14410.0,20943.785,1.0,5.36049703872e-07,0.0,2.0912101695,0.0,0.0,9.90743917837e-05,0.000123109397389
52,0.0795449190047,5.27896428867e+17,0.00355843926375,0.00616540187936,0.00645275396397,30440.0,21971.59157,1.0,3.40254816287e-08,0.0,4.00037178708,0.0,0.0,0.00122374981223,0.0012873823872
53,0.0216082619034,1.24201250795e+19,0.0031986291151,0.00156229174066,0.00176602205856,15110.0,2611.58196,4.0,7.91291917606e-05,0.0,3.55527290391,0.0,0.0,0.000404963734055,0.000242835296786
54,0.0103424864083,8.57463618239e+22,0.00312878231426,0.000940979245217,0.000847967616512,14570.0,15998.55153,10.0,0.000561607900306,0.0,1.5169549386,0.0,0.0,0.000246191410332,0.0001958484394
55,0.0108031879925,1.91742427941e+29,0.00296715481185,0.000853322937249,0.000890863046216,660.0,201.4564313,1.0,9.1652468787e-07,0.0,2.49697346521,0.0,0.0,4.41290652489e-06,-0.000111269754901
56,0.0036203241808,3.14411805533e+23,0.0023267687369,0.000634351644562,0.000295799746881,0.0,0.0,0.0,3.17877997129e-07,0.0,1.9686202143,0.0,0.0,0.000340606977235,0.000204094568543
57,0.013339635267,2.24091028671e+19,0.00315027127124,0.00123983283584,0.00108754024224,10730.0,2923.813573,2.0,7.04535685863e-06,0.0,1.83743199605,0.0,0.0,-8.51490246049e-05,-7.49905340633e-05
58,0.0594787165696,1.15628593767e+12,0.00349762593785,0.00495978301107,0.00501493493798,20.0,12.20822681,4.0,6.52319488098e-06,0.0,2.57267584532,0.0,0.0,-0.00111889519318,-0.00108326204923
59,0.0144316733171,1.4521229652e+22,0.00310380952152,0.000893343603585,0.00128816723122,90.0,89.92939823,0.0,1.45550197856e-14,0.0,1.67899804767,0.0,0.0,0.000107596754089,0.000289309788827
60,0.0297029027941,6.74293956455e+19,0.00337758631122,0.00244515756862,0.00242647792575,26550.0,13382.42477,2.0,1.60060410031e-07,0.0,2.80740876884,0.0,0.0,-8.6194261427e-06,-9.0622960406e-05
61,0.0692712233146,6.49965286472e+13,0.00351698837713,0.00574641444822,0.00560806123887,10.0,7.392868368,4.0,1.02553139407e-05,0.0,3.47750995907,0.0,0.0,-0.00133315256077,-0.00136952751401
62,0.0635825018591,6.1079964646e+11,0.00358875698954,0.00590181820731,0.00526117510709,30380.0,56722.64006,2.0,7.7692286071e-08,0.0,2.63151585962,0.0,0.0,-0.000442677472427,-0.000217816670598
63,0.0398983764615,7.55403332849e+14,0.00342909279714,0.00307495971442,0.00326194196774,28730.0,7893.941616,3.0,2.18418883729e-05,0.0,2.13139252052,0.0,0.0,0.000246286670265,0.000173443403983
64,0.00596540067386,2.60216642109e+20,0.00269005283615,0.000461693064555,0.000487710247032,3880.0,220.7021118,0.0,6.06890466281e-10,0.0,1.89744144929,0.0,0.0,5.94345233879e-05,8.6252205212e-05
65,0.10837417321,2.26714744555e+12,0.00353096085919,0.00940660794249,0.00875682469141,33570.0,52891.96451,5.0,0.00048144615981,0.0,3.98399215005,0.0,0.0,0.000715097829787,0.000933728600059
66,0.0111007380996,2.95689830598e+21,0.00289054008668,0.00136412783028,0.000894490586258,10.0,6.566458517,0.0,2.59062337825e-10,0.0,2.09012428229,0.0,0.0,-0.000440551259825,-0.000296030723943
67,0.0130345957965,1.51143014731e+21,0.00277639762692,0.00112924928598,0.00105933843843,20.0,17.15821008,0.0,2.26109112667e-19,0.0,1.40306432003,0.0,0.0,-0.000557558521114,-0.000552724689545
68,0.157682871723,49698891641.2,0.00361342091155,0.0127225594952,0.0127467893025,40820.0,128194.044,1.0,8.35760611648e-06,0.0,4.37990007005,0.0,0.0,-0.00119916042378,-0.00173076112606
69,0.0394356173312,8.20029441052e+12,0.00340863200923,0.00333340919679,0.00322271666407,13940.0,4330.848543,9.0,0.000218580186763,0.0,2.46087635737,0.0,0.0,-0.000479574532568,-0.000536641296286
70,0.049113047303,3.10472017342e+20,0.00351814431892,0.00379912921905,0.00400519585942,10210.0,13814.85164,7.0,0.0131886726766,0.0,2.88120568748,0.0,0.0,0.000669000720649,0.000603010546339
71,0.021963941522,4.02044805296e+17,0.00336650831479,0.00187086830035,0.0018081710126,18510.0,289348.6585,2.0,7.71042751874e-07,0.0,2.4641099683,0.0,0.0,0.000274485929733,0.000268353829904
72,0.0293946851845,3.83393925799e+19,0.00336870715909,0.00264095874091,0.00243332592943,35510.0,41130.42213,9.0,0.00299549406168,0.0,2.18549122148,0.0,0.0,7.30727073632e-05,0.00025549560899
73,0.196497729319,265816707.735,0.00362580383807,0.016270718351,0.0158492040623,0.0,0.0,0.0,2.56651535845e-11,0.0,5.46479609461,0.0,0.0,-0.000149045934916,-0.000146417040724
74,0.021481635677,1.34909551743e+16,0.0033164710181,0.00151997396028,0.00175099261259,13360.0,7140.836161,1.0,6.0279569888e-07,0.0,2.74048329655,0.0,0.0,0.000331337161052,4.66627487498e-05
75,0.0351131387266,3.77894147816e+15,0.00338743627095,0.00274228252908,0.00287045044516,1460.0,537.7550558,5.0,0.000110112960798,0.0,2.92302115996,0.0,0.0,0.000457731754047,0.000446464706722
76,0.0728936820142,3.3989926486e+18,0.00360546877786,0.00577998832903,0.00591479573775,35590.0,44256.394,1.0,3.14189621231e-06,0.0,3.63352467788,0.0,0.0,0.00138531267624,0.00128170124139
77,0.0210523535423,1.16828850448e+19,0.00335229674554,0.00178329913775,0.00173214515716,8350.0,6109.907178,2.0,2.20679548363e-09,0.0,2.60963248133,0.0,0.0,-0.000253660011235,-0.000330627147823
78,0.0125249261711,1.19031159498e+29,0.00277453705777,0.00108016843995,0.00101549060137,10.0,52.72075416,0.0,2.51663727085e-13,0.0,1.23422666518,0.0,0.0,-0.000522524594587,-0.000535011252252
79,0.0151425527151,3.48841818694e+17,0.00326828960707,0.00152141447416,0.00123405946183,1080.0,775.1150179,1.0,4.02752113577e-08,0.0,2.36166055833,0.0,0.0,-0.000696522320765,-0.000504934862766
80,0.0231228121538,2.39446892501e+22,0.00271977207319,0.0019521550492,0.00186860016533,790.0,447.7368212,0.0,5.06916522186e-09,0.0,4.08232586414,0.0,0.0,0.00106191887017,0.00136647269474
81,0.00329255386824,1.92628703972e+23,0.00216829171999,0.000341697008809,0.000269197492003,0.0,0.0,2.0,5.66186857181e-07,0.0,0.868913935763,0.0,0.0,-9.7354459482e-05,-8.21754086474e-05
82,0.00280391881091,8.33770286828e+21,0.00232717923071,0.000229799412299,0.000232880797912,270.0,189.4483958,5.0,0.000197929023084,0.0,0.636876710875,0.0,0.0,6.8740446727e-05,2.00578230027e-05
83,0.0126618009812,2.2001033144e+19,0.00307734967184,0.00111939404971,0.00103872306422,1400.0,8664.234047,2.0,2.13675306061e-05,0.0,2.67676021194,0.0,0.0,0.000192271811452,0.000114487948009
84,0.0391802020863,7.31098158419e+13,0.00340808861998,0.00281954456409,0.0032232410952,15660.0,42659.39868,6.0,0.000709976916983,0.0,2.33228467501,0.0,0.0,-0.000376792198327,-0.000492004895132
85,0.0204048648522,2.4158582261e+18,0.00337562937288,0.00195279481665,0.00166867401077,11900.0,3407.736687,2.0,3.03427472e-06,0.0,2.26672761779,0.0,0.0,-0.000468774433471,-0.000382993586143
86,0.0767033239428,9.58481441601e+15,0.0035888388041,0.00700938561906,0.00622606397018,39180.0,1049.601835,11.0,0.00279309989458,0.0,4.71021531261,0.0,0.0,0.000637238644773,0.000852374440893
87,0.0131831934571,2.6596552991e+19,0.00305304402901,0.00116021309569,0.00107469327127,10.0,11.22038431,1.0,7.7707852333e-09,0.0,1.79637708128,0.0,0.0,-0.00052228365463,-0.000508262872535
88,0.0700535964727,1.24732963198e+18,0.00331928650024,0.00540013972423,0.00558684561155,25400.0,15451.78293,6.0,9.4230967683e-05,0.0,5.93512202281,0.0,0.0,0.000893774284,0.000548172642613
89,0.0101410546413,3.55213171722e+21,0.00283867297493,0.000763989896042,0.000837143209158,0.0,0.0,0.0,1.58033628195e-08,0.0,3.15039783839,0.0,0.0,-0.000148272460113,-7.33185425018e-05
90,0.0964965811555,2.09045843313e+15,0.00358100833839,0.00707975157392,0.0079098926523,28820.0,817.2193614,6.0,4.55448144029e-05,0.0,3.12201245294,0.0,0.0,0.000157537687601,5.64442301295e-05
91,0.019957333002,1.8391033269e+20,0.00312129072088,0.00173761325665,0.00165231862818,20.0,20.99201382,8.0,0.000382630264214,0.0,3.87410397594,0.0,0.0,-0.000731211499592,-0.000649403682137
92,0.0170685538112,6.5310909461e+20,0.00275366531532,0.00133515340633,0.00136808397858,2980.0,2212.804275,5.0,0.000117426585063,0.0,4.42202101155,0.0,0.0,0.000871658595832,0.000843356758573
93,0.0401708573674,9.13421822133e+11,0.00351313776009,0.00390283160014,0.00326512733668,12650.0,21273.48714,8.0,0.000835170037176,0.0,3.23681562596,0.0,0.0,-0.000464219144337,-0.000350986327789
94,0.00455266607532,7.10516046123e+28,0.00257437209881,0.000479606930857,0.000374882508407,10.0,29.2064992,1.0,8.61347728516e-08,0.0,0.912012535838,0.0,0.0,4.72248540002e-05,2.00718770052e-05
95,0.107057617833,38571835916.3,0.00358867514492,0.00822641253589,0.00877680913798,30740.0,9597.276519,1.0,7.10675369632e-06,0.0,3.08639414502,0.0,0.0,0.000318786760585,0.000211114085757
96,0.00625025149878,2.149181377e+23,0.00235780679344,0.000612638834339,0.000507648203793,0.0,0.0,0.0,1.91310175632e-15,0.0,1.22100073966,0.0,0.0,-0.000315515813223,-0.000264782064906
97,0.0242515547528,1.16552345944e+17,0.00335618095052,0.00213618425745,0.00198457276759,10.0,85.54849469,0.0,1.7016724609e-07,0.0,2.05752335054,0.0,0.0,-0.000373773884224,-0.000375465042435
98,0.0514035353161,43595383609.4,0.00350516341373,0.00322389442671,0.00419202200495,20870.0,16804.81761,7.0,0.00209561481538,0.0,2.23259141471,0.0,0.0,0.000389116026015,0.000342847067254
99,0.0365682518842,1.35656112044e+17,0.00347013377238,0.00331087646641,0.00299469921373,34380.0,29911.90344,6.0,0.00013825114457,0.0,2.21194008527,0.0,0.0,0.000448231320186,0.00020264810455
100,0.0225679929127,2.23729313916e+20,0.00325038258231,0.00186342699337,0.00184325455543,13580.0,5752.440911,3.0,2.44311264144e-05,0.0,3.92750978684,0.0,0.0,-0.000135570265419,2.71361590635e-05
101,0.0348040228527,2.22817053165e+21,0.00333656084025,0.00256711686079,0.00283099963054,40.0,31.06646056,0.0,1.29608695668e-14,0.0,2.14644238002,0.0,0.0,-0.00112085382097,-0.00105055421626
102,0.0255355805762,1.05809680632e+18,0.00333553348902,0.00183548882115,0.00207961161775,4010.0,1945.125015,0.0,1.34899083442e-09,0.0,2.14201408853,0.0,0.0,-0.000415152616874,-0.000542899918934
103,0.0849982562053,31848975585.1,0.00357855398574,0.00689322125479,0.00692838645397,54680.0,132169.9474,1.0,1.55239361152e-06,0.0,3.59420071106,0.0,0.0,0.000594539324693,0.000674535508532
104,0.0541137478484,2.76774255205e+18,0.00349473194793,0.00488338796476,0.00438596787415,43300.0,25802.07006,1.0,5.1492399276e-09,0.0,4.06026742767,0.0,0.0,0.00100729887034,0.001014241433
105,0.0113284485804,1.40503197259e+19,0.002767959304,0.00101781584245,0.000918755167153,260.0,83.25143332,1.0,5.55849738254e-09,0.0,2.28599352994,0.0,0.0,9.36134268001e-05,6.30717971961e-07
106,0.0017617509586,1.03556220832e+22,0.00200019843734,0.000172573121556,0.000144388276708,0.0,0.0,9.0,0.00249791035269,0.0,0.663679931866,0.0,0.0,4.08464684622e-05,6.46418912492e-05
107,0.0598166709422,4.23833007433e+17,0.00348612652533,0.00502913045221,0.00484055739303,56870.0,116686.9724,3.0,8.39886256895e-05,0.0,1.99304479046,0.0,0.0,0.000473803727864,0.000529681377622
108,0.0140638316058,6.0725326935e+19,0.00297636782888,0.00118253809928,0.0011773858538,4290.0,1732.097933,3.0,1.65985534917e-05,0.0,1.58793406971,0.0,0.0,0.000548385654168,0.000504642352039
109,0.00170293259652,2.97024725149e+22,0.00175937273452,0.000240323255986,0.000138361357223,10.0,3.023473433,1.0,9.91635754693e-06,0.0,0.919916181174,0.0,0.0,-4.63190240798e-06,-2.53475275083e-05
110,0.0529960832495,1.4454113664e+13,0.00354027184437,0.00433327041024,0.00431095968931,360.0,1822.152602,1.0,9.60056565014e-08,0.0,2.56383645303,0.0,0.0,-0.00150266979787,-0.00143229913048
111,0.0249456837522,6.29140248748e+16,0.00333602417503,0.00181967154903,0.00202719856983,180.0,92.30464138,4.0,2.03791533215e-05,0.0,2.97485293737,0.0,0.0,1.58598933442e-05,-0.0001495899252
112,0.0399241347443,1.30403236398e+19,0.0034436852277,0.00316616770284,0.00324654276756,13490.0,4117.953779,4.0,6.39292682368e-06,0.0,1.93912683749,0.0,0.0,0.000189776754648,0.000105707192657
113,0.0814697148836,3.22263258608e+18,0.00349790971865,0.00622158625818,0.0065917219153,2330.0,707.6320886,4.0,1.90901898962e-05,0.0,3.83186404627,0.0,0.0,0.000989945287278,0.00144310333756
114,0.0968064007236,3.14274482174e+18,0.00353442303939,0.00781497024986,0.00775341744121,59480.0,26200.4217,12.0,0.0226344415697,0.0,5.25729083755,0.0,0.0,0.00139855482678,0.00141635940995
115,0.0409480702089,8.63950557537e+18,0.00341472061608,0.00321079461875,0.00332608147776,0.0,0.0,0.0,9.27545936534e-08,0.0,3.20250979296,0.0,0.0,0.000481910196909,0.000926796125157
116,0.00891686430548,1.46089505296e+17,0.00303890791,0.000814199742267,0.000728478706998,3380.0,1203.065167,7.0,0.00259454707555,0.0,2.06480875155,0.0,0.0,1.85232978539e-05,0.000149578079785
117,0.0339462231507,4.64675973695e+13,0.00335899288592,0.00287565787775,0.00275111026822,160.0,153.5051844,2.0,5.21558273182e-06,0.0,2.63936994309,0.0,0.0,-0.00183393243141,-0.00167110002608
118,0.0322187454069,1.14042336451e+14,0.00339909326524,0.0030713670734,0.00263445265418,28340.0,8973.529598,8.0,0.00130786296371,0.0,2.34299564143,0.0,0.0,7.76900465211e-05,0.000219693114642
119,0.0356428254985,2.88381121353e+15,0.00345907376822,0.00300031941502,0.00292193764915,3850.0,10922.59001,4.0,6.73222256893e-05,0.0,3.7300594314,0.0,0.0,0.000956812900821,0.000960048888602
120,0.0542150847967,3.16248135827e+17,0.00356685288142,0.00444472905969,0.00444287449789,11260.0,7474.731187,5.0,7.00738289024e-05,0.0,2.8856327033,0.0,0.0,9.88256261072e-05,-2.12740475017e-06
121,0.0287712187722,8.94673541246e+18,0.00326096368346,0.00210756820475,0.00234269871277,12210.0,5735.823279,4.0,9.43687888658e-06,0.0,2.25491155029,0.0,0.0,-0.000404946266369,-0.000343392168576
122,0.00446285766027,7.24725804413e+21,0.0025792916078,0.000309893709459,0.000361188386271,1380.0,2160.406727,5.0,0.00279281768216,0.0,0.726769733707,0.0,0.0,6.39329087002e-05,0.000118528542596
123,0.0109940575822,1.66374380199e+20,0.00313815371356,0.00118117111159,0.000902497976774,2420.0,5752.529016,6.0,0.00132075488788,0.0,2.84240973838,0.0,0.0,0.000159214407244,0.000248731559234
124,0.0251827799939,2.67002769595e+20,0.00293189375481,0.00201679678329,0.00201098578413,12950.0,31325.71578,12.0,0.00542613486232,0.0,5.00736033701,0.0,0.0,0.000221270219286,6.79263061464e-05
125,0.0213355132022,2.93900126706e+16,0.00337730319406,0.00170805837293,0.00173682911292,8130.0,27882.08495,2.0,2.14531400669e-06,0.0,2.29190231697,0.0,0.0,-0.000366969346775,-0.000366691710037
126,0.0639817916133,2.77128531587e+12,0.00359420782638,0.00560109309046,0.00523003726448,3130.0,3650.913844,4.0,8.21887530337e-05,0.0,3.74213283724,0.0,0.0,0.00172302416363,0.00175396127033
127,0.0161246419847,2.56281220601e+17,0.00307698697946,0.00143560843009,0.00130620170914,4540.0,4187.396099,7.0,0.000718516266277,0.0,4.8218964504,0.0,0.0,-0.000269686777077,-0.000339145670361
128,0.0620035978365,37995748571.4,0.00352246338923,0.00507017791385,0.00507082174674,40.0,20.15601673,9.0,0.0012127648923,0.0,3.99318669583,0.0,0.0,-0.00153175247701,-0.00170221939454
129,0.0443834796856,1.29314994622e+16,0.00336294375538,0.00290375079452,0.00362069994256,12870.0,12157.73715,7.0,0.00141547148262,0.0,3.57850634237,0.0,0.0,-0.000251157117309,-0.000440935796211
130,0.0469056889454,9.36217936368e+13,0.00339329313244,0.00362628410868,0.0038058272094,18510.0,5608.799619,7.0,4.8692217046e-05,0.0,3.84445616621,0.0,0.0,0.000618415902817,0.000862683366434
131,0.0180496531411,2.4886540081e+22,0.00324648488065,0.00155732330232,0.00147918030079,20200.0,100488.3375,5.0,0.000573296352707,0.0,2.0705418843,0.0,0.0,0.000321439601076,0.000310128288411
132,0.00962992568162,6.1095684659e+21,0.00287429267881,0.000935312169217,0.000786454828113,0.0,0.0,1.0,4.43688701727e-06,0.0,4.62570286083,0.0,0.0,0.000123389782939,7.78252614952e-05
133,0.059747071426,1.25843370334e+13,0.00350835729076,0.0054916158881,0.00485930645832,8230.0,5150.137532,4.0,7.96444802213e-05,0.0,3.51123575916,0.0,0.0,8.94078464667e-05,0.000247127088756
134,0.0843004033594,2.39014644544e+11,0.00358819013394,0.00667750400894,0.00686447950402,6720.0,17035.982,8.0,0.000375113607925,0.0,3.6200747466,0.0,0.0,-0.00172274390852,-0.0018924408511
135,0.0372122902494,1.53895863572e+14,0.00346693783852,0.00307453407247,0.00304596162982,33470.0,30705.64424,5.0,0.000339847223689,0.0,2.1439589337,0.0,0.0,0.000248591026715,0.000107880350979
136,0.0144041340991,2.73678275992e+21,0.00320221555158,0.00123277440167,0.0011739319573,0.0,0.0,0.0,1.76323905475e-11,0.0,2.26275972403,0.0,0.0,7.33760167642e-05,6.2542945853e-05
137,0.0122512688527,3.49079492133e+20,0.00315189268023,0.00115500990543,0.00100746728541,3870.0,3508.18305,3.0,4.43320363919e-06,0.0,2.00281569599,0.0,0.0,0.000121820795512,0.000269020549003
138,0.0270444380251,3.61359538629e+13,0.00341493270647,0.00205193015481,0.00222724524904,130.0,172.8038175,2.0,4.44925882865e-06,0.0,2.54347238231,0.0,0.0,-0.000358230527596,-0.000456573244363
139,0.00190098973902,2.54132989563e+21,0.00218121103922,0.000150631589154,0.000157506680514,0.0,0.0,1.0,6.11200557411e-08,0.0,0.801290940032,0.0,0.0,3.15263803031e-06,6.12622560433e-05
140,0.00481228957042,1.42232258263e+26,0.00280687294784,0.000510781349768,0.000392288724023,5890.0,4410.875708,3.0,1.14317530414e-05,0.0,1.35323152665,0.0,0.0,8.62376369183e-05,9.21732999598e-05
141,0.0144728060436,2.65001840665e+20,0.00312643000446,0.00125414701367,0.00118129195066,10.0,10.31614796,2.0,5.93125227439e-07,0.0,2.02071313901,0.0,0.0,-0.0006244186028,-0.000608815838641
142,0.055328785935,5.16585933917e+16,0.0035160288695,0.00457431956537,0.00448049382613,36940.0,53437.69525,2.0,6.95319383186e-06,0.0,1.87536427005,0.0,0.0,0.000306472095947,0.00029783778017
143,0.113887697528,2.17107661381e+11,0.00353097522965,0.00957320089954,0.00929584000298,400.0,47.0891802,8.0,0.0011913954664,0.0,2.93493664778,0.0,0.0,0.00233319415803,0.00208069930231
144,0.115234162445,1.61167336036e+14,0.00360912666295,0.00869323534444,0.00946124667311,68200.0,139928.0961,2.0,4.97763597165e-08,0.0,1.91281544129,0.0,0.0,0.000354980154774,0.000338261735853
145,0.0414796013877,2.82228982323e+12,0.00340327800972,0.00307296516495,0.0034037364112,21400.0,15267.2347,5.0,0.000555720483742,0.0,2.16094476684,0.0,0.0,0.000120829838411,2.65330433979e-05
146,0.0111016525687,2.23281602573e+18,0.00315195596823,0.00112579328976,0.000915452740062,20.0,10.89523443,2.0,1.88798043561e-07,0.0,2.3306217174,0.0,0.0,-0.000248217071813,-0.00015030471701
147,0.0658172464292,1.63420748379e+16,0.00356660885949,0.00507115864956,0.00535666781033,14700.0,31834.28073,6.0,0.000145842626443,0.0,4.06413427966,0.0,0.0,-0.00106142442902,-0.00109881317498
148,0.0588080534366,2.29361460832e+17,0.00333042329172,0.00443076147926,0.00472923301871,520.0,280.6317282,1.0,2.98900949444e-07,0.0,3.34175211327,0.0,0.0,-0.00280195974729,-0.00286335602697
149,0.0217052520688,1.07710766058e+14,0.00327083532455,0.00203709851844,0.00176363237329,27460.0,11485.41252,6.0,0.0104048203843,0.0,2.15261044769,0.0,0.0,0.000343865354506,0.000354124716867
150,0.0180041982507,1.04047596715e+18,0.00313493203604,0.00144761582645,0.00147889716419,650.0,377.4895799,0.0,1.35660616626e-07,0.0,2.59077013148,0.0,0.0,-0.000106184545766,-0.000192453903078
151,0.00877879391292,3.96905024482e+19,0.00298577538532,0.000674702196256,0.000723058281796,910.0,159.5607485,4.0,0.000249080989288,0.0,2.41587373865,0.0,0.0,1.32324164333e-06,3.73241821573e-06
152,0.0264307516172,5.16469774873e+17,0.00333028431417,0.00223087233756,0.00214511559013,15540.0,3189.625254,8.0,0.000838560972329,0.0,4.95561538514,0.0,0.0,0.000272847274773,0.000294029077362
153,0.0226499689671,4.23630122477e+16,0.00333655975698,0.00181954096533,0.00183982112039,3520.0,3426.673269,1.0,2.94509134363e-09,0.0,2.78906540169,0.0,0.0,-0.00128703012768,-0.00133825053739
154,0.108566427798,562886791.45,0.00360186341491,0.00870068173704,0.00891853154209,57890.0,479410.1974,3.0,3.155385518e-06,0.0,2.61266235364,0.0,0.0,0.000863081366696,0.000515067656431
155,0.0215711865817,1.03188660539e+22,0.00332679284223,0.00156736566906,0.00174765347127,10.0,6.342519115,4.0,7.50911711209e-05,0.0,2.45929334176,0.0,0.0,-0.000541935240993,-0.000643180176987
156,0.0278617649373,6.84465713375e+17,0.00343182567612,0.00221266651853,0.00226942190858,19080.0,20530.15115,2.0,1.7180734466e-06,0.0,1.86206061722,0.0,0.0,-0.000201950104019,-0.000183910937819
157,0.0390173004644,2.28111491862e+17,0.0034874573605,0.00273754913152,0.00320430104286,50.0,22.52275195,0.0,2.06933821172e-10,0.0,1.79123040869,0.0,0.0,-0.000576582837721,-0.000842057250866
158,0.0516308943734,1.86195710116e+15,0.00351068536226,0.00391341942508,0.00427086495202,2060.0,1818.610052,4.0,6.03225399898e-05,0.0,3.11229374582,0.0,0.0,0.00125611772243,0.00129362485402
159,0.0342293945651,8.75117908631e+20,0.00308639878157,0.00273594110258,0.0027477189574,200.0,130.5548153,6.0,0.000106354197624,0.0,5.8477915188,0.0,0.0,-0.00119292163381,-0.00115861571808
160,0.157268939657,1.61470446532e+11,0.00357109264952,0.0132735856505,0.0126336923805,42710.0,39405.4081,9.0,0.000269411246662,0.0,5.36141778716,0.0,0.0,-0.00101304519267,-0.000932818063654
161,0.0247271109253,2.07224610683e+21,0.00323670324343,0.0020593971664,0.00201451959111,10.0,13.13072193,0.0,7.78052970111e-28,0.0,2.08767631297,0.0,0.0,-0.000929317663767,-0.000878192522466
162,0.0629006873616,3.77264094222e+13,0.00357961250889,0.005108579565,0.00516499028726,21990.0,22737.05265,4.0,6.25993258271e-05,0.0,2.75991953652,0.0,0.0,-0.00049695039888,-0.000734813683387
163,0.00105198130753,3.70588229828e+20,0.00132766650014,9.99463198495e-05,8.41442445601e-05,0.0,0.0,5.0,9.74662413681e-05,0.0,0.338739649966,0.0,0.0,4.49429976036e-05,4.69787331105e-05
164,0.0221386007216,2.99746764873e+17,0.00326674425178,0.00171836601945,0.00181750085881,3330.0,1616.461712,8.0,0.00147491961872,0.0,3.35165441083,0.0,0.0,0.000383465248036,0.00028115270858
165,0.151508378335,56069.1561989,0.00361270712317,0.0129399659423,0.0122777774114,13210.0,127341.79,5.0,4.86413017286e-05,0.0,3.96992166519,0.0,0.0,-0.00434095900194,-0.0042599035059
166,0.0262557838571,2.72807028732e+15,0.00343392638835,0.00211671145978,0.00216627126459,23800.0,28107.16379,4.0,2.19231864202e-05,0.0,2.54664519406,0.0,0.0,0.000296678297052,0.000293904026719
167,0.0401033383355,4.75454389435e+16,0.0034736833482,0.00341028808166,0.00328142825756,29770.0,19519.001,2.0,1.31299205938e-05,0.0,3.29974111865,0.0,0.0,-5.01673978425e-05,3.54276098276e-05
168,0.0842921771136,1.38588551593e+15,0.00352973353886,0.0068725985131,0.00685839522402,20.0,53.82680297,1.0,1.70929116731e-06,0.0,3.18722660054,0.0,0.0,0.00112931924144,0.00135891465043
169,0.00667552519144,1.91953300674e+21,0.00209222344214,0.000575556492423,0.000540575241226,2190.0,1308.55599,8.0,0.000873682019632,0.0,2.28695263055,0.0,0.0,-0.000232014288101,-0.000227452296778
170,0.0100172981466,5.19120996871e+16,0.00310045692672,0.000914790067836,0.000813209611496,80.0,18.14661615,0.0,1.86726931169e-07,0.0,2.33197308566,0.0,0.0,-0.000340961424351,-0.000352035538146
171,0.0163363669506,1.29238391223e+18,0.00292366036762,0.00160900517902,0.00131508723533,20.0,39.29003705,1.0,5.79629217689e-07,0.0,4.5774972846,0.0,0.0,0.000544801860787,0.00017786139478
172,0.00518137210094,6.28115487253e+19,0.00279938130365,0.00056410672589,0.000421257233567,280.0,948.7493014,1.0,3.97313619435e-07,0.0,1.67849447998,0.0,0.0,-7.70370423917e-05,-6.09818102101e-06
173,0.0153742044385,2.3308619821e+18,0.00309307997721,0.00108829485812,0.00125644515131,20.0,4.806057183,1.0,2.71985859771e-10,0.0,2.86635186756,0.0,0.0,-0.000259528362353,-0.000196088998567
174,0.0989057108296,2.75706451701e+17,0.00354355649898,0.00782692163253,0.00802775806605,38440.0,23202.9581,4.0,0.000197240772334,0.0,3.95555546537,0.0,0.0,0.000674669661493,0.000555860844691
175,0.0247191240004,3.09407224368e+20,0.00332097990799,0.0020208023184,0.00204304328243,32130.0,25381.31578,3.0,0.000100670698247,0.0,2.07618681976,0.0,0.0,0.000274718652704,0.000330149929852
176,0.088576705033,31819836411.1,0.00362123212377,0.00597725056016,0.00724212067876,30.0,90.62636275,4.0,0.000279149292653,0.0,3.5989756542,0.0,0.0,-0.00097329515845,-0.000707330548072
177,0.0188220953369,4.90587796906e+19,0.00304941376073,0.0016358400866,0.00154225865517,0.0,0.0,0.0,7.81113486928e-35,0.0,1.62490257754,0.0,0.0,-0.000696610636021,-0.000731278647586
178,0.0444874640982,3.49292273079e+18,0.00318829482168,0.00387971218797,0.00357366725451,1740.0,1829.212678,2.0,0.000130715295043,0.0,5.68723160558,0.0,0.0,-0.00132553570636,-0.00139107594545
179,0.0202776733246,1.12254214316e+16,0.00339740213293,0.00164922144521,0.00165651985243,26770.0,372.7157224,3.0,5.50770629772e-05,0.0,1.95062662527,0.0,0.0,0.000439109751193,0.000435241027427
180,0.0711394781605,7959790794.34,0.00357916506933,0.0055281365406,0.00585183822291,29140.0,51900.02843,4.0,2.10691512863e-05,0.0,2.28709723003,0.0,0.0,0.000228761050944,1.35387049684e-05
181,0.0258869704009,8.44670337991e+17,0.0033367487702,0.00204054577049,0.00211068870364,10.0,0.307504792,5.0,0.000159028267916,0.0,3.79828082098,0.0,0.0,0.000498656235623,0.000339160593781
182,0.0441354494192,1.83243759231e+17,0.0032118158507,0.00372840800555,0.00351169121163,0.0,0.0,10.0,0.000313604708911,0.0,6.26881756339,0.0,0.0,0.00127648221261,0.00125836737932
183,0.0218460955046,9.15813687495e+19,0.00331132121256,0.00156579930558,0.0017847308641,17490.0,101361.4982,13.0,0.00741874126838,0.0,4.12264665235,0.0,0.0,-0.000178443543064,-0.000288526266133
184,0.0172548382076,4.00075429778e+16,0.00328839852337,0.00136369156098,0.00140896641161,13160.0,8499.775587,2.0,1.26958043362e-06,0.0,2.47789542928,0.0,0.0,-0.00023245674601,-0.000213420989775
185,0.0277389639642,2.00977381141e+16,0.003411107474,0.00234356987023,0.00229762521404,20.0,13.36452248,3.0,6.23835219866e-05,0.0,2.75229308208,0.0,0.0,-0.000424565594753,-0.000511154463904
186,0.0427162885662,3.19278388455e+17,0.00327120085949,0.00348746510579,0.00347156196687,9620.0,10567.31375,9.0,0.0010087500739,0.0,3.40944947586,0.0,0.0,0.00137196166962,0.00164535731573
187,0.0227075777926,4.5488575022e+14,0.00340360653171,0.00196342638339,0.00185397708616,1190.0,8903.970469,1.0,3.76093364744e-06,0.0,2.7742268105,0.0,0.0,-0.000592268044805,-0.000739818608384
188,0.0277165707402,3.70415993335e+17,0.00324774542498,0.00184663167631,0.00224668847681,0.0,0.0,0.0,2.62484456824e-14,0.0,1.87777245144,0.0,0.0,-0.000971821410815,-0.00126338900916
189,0.0914942538722,70061960777.9,0.00356935502206,0.00761773512618,0.00744161529923,2560.0,3986.059833,1.0,6.65946967106e-09,0.0,2.79782821553,0.0,0.0,0.00346719656432,0.00366293056486
190,0.0268383522947,9.63506119095e+14,0.00338120917617,0.00226189018081,0.00218608522222,10280.0,6892.465213,2.0,3.63912831421e-06,0.0,2.56492779774,0.0,0.0,-0.00041650821127,-0.000352881537022
191,0.016453295891,1.03345902712e+18,0.0033068292009,0.0015827255885,0.00133991915057,25530.0,10900.85555,4.0,0.000248364309646,0.0,2.34120127477,0.0,0.0,0.000105983995942,0.000266257227364
192,0.0170024787806,1.33585877485e+18,0.00307572709657,0.000959386208529,0.00139542987516,1490.0,1205.650262,2.0,2.80523930141e-08,0.0,2.81517194991,0.0,0.0,6.98523131581e-05,-0.000189338286514
193,0.184179235515,230706.085934,0.00361052094016,0.014756898897,0.014939247856,33380.0,27040.82883,7.0,0.000215125679994,0.0,4.26225508969,0.0,0.0,0.00144236521656,0.00160584196536
194,0.0687307242197,3.03761067631e+14,0.00349550227772,0.00527628377729,0.0056084130425,34180.0,24218.15394,13.0,0.0169686388221,0.0,5.95933395653,0.0,0.0,0.00133647755485,0.00131099284326
195,0.00281708678322,8.29407445427e+22,0.00148077228517,0.000287194290749,0.00022887885002,60.0,136.8304281,0.0,5.5036979338e-14,0.0,0.768689587461,0.0,0.0,0.000236487695177,0.000277267117086
196,0.0459357001396,1.50481458718e+13,0.00348762497276,0.00355457449684,0.00375643539676,10850.0,6585.227044,2.0,2.31230037731e-08,0.0,2.61959887916,0.0,0.0,2.14577011874e-05,-0.000273940964702
197,0.0621931602959,6.45582600789e+13,0.00333329068671,0.00450624635486,0.00507965603727,210.0,28.35412858,5.0,0.000930286002724,0.0,3.88115516785,0.0,0.0,0.000398873723421,0.000615303318385
198,0.0153912450791,6.71622559482e+23,0.00337164970572,0.00118792603935,0.00126728287207,5390.0,4022.352999,3.0,4.1759639632e-05,0.0,2.21218212555,0.0,0.0,9.27373875558e-05,2.81889568258e-05
199,0.00597020809379,6.95890650162e+20,0.00239271974262,0.000598264321484,0.000488572794899,170.0,167.9327013,3.0,1.29730326805e-05,0.0,4.62437671073,0.0,0.0,0.000325807808232,0.000197634884983
200,0.0088418026336,5.53689760404e+21,0.00274557927827,0.000914758392025,0.000719504031513,0.0,0.0,0.0,9.18341050451e-08,0.0,2.7835885548,0.0,0.0,-0.000328231524964,-0.000254930827413
201,0.106654481571,1.04754255695e+15,0.00359175082465,0.00757464860121,0.00874803184923,26480.0,10362.158,12.0,0.00133780386434,0.0,4.17077998295,0.0,0.0,0.00144351927192,0.00116657772611
202,0.00793112204864,7.3913420702e+17,0.00293716183757,0.000498617942071,0.000654235330838,3900.0,1583.581934,3.0,2.49544112194e-06,0.0,1.22089677665,0.0,0.0,0.000102840665861,0.000173275298948
203,0.00591409673084,7.99131576417e+23,0.00288383228079,0.000592577104164,0.000482658138162,2450.0,4631.946303,8.0,0.00289691887196,0.0,1.62796503179,0.0,0.0,4.79100893354e-05,0.000109752553041
204,0.124154942824,30771225147.3,0.00361640611366,0.0106132819407,0.0101479131082,32340.0,13219.67191,4.0,4.5024861202e-05,0.0,3.09276925678,0.0,0.0,-0.000345248113449,-0.000302335189244
205,0.0371603925964,1.01908019188e+16,0.00340521636383,0.00314499360656,0.00300564250491,4080.0,1036.806408,0.0,4.60669949095e-07,0.0,3.53994024195,0.0,0.0,-0.00161923686509,-0.00171378611271
206,0.00572826049986,3.27953548697e+21,0.00271184287606,0.000495007843726,0.000468440917482,4680.0,1766.535509,2.0,9.5519639384e-06,0.0,1.44607154443,0.0,0.0,0.000125547113271,8.67138193771e-05
207,0.021391976533,1.09432565445e+15,0.00337807666013,0.00202284698428,0.00177840345865,5550.0,2502.879046,0.0,1.34546794659e-07,0.0,2.6929753422,0.0,0.0,0.000770314432007,0.000535276030676
208,0.00569625886232,3.45603422098e+28,0.00241073931761,0.000483282750179,0.000452981745805,0.0,0.0,0.0,5.91997816128e-10,0.0,0.938414689061,0.0,0.0,-2.77504176213e-05,-3.83359528764e-05
209,0.0537023552398,1.37155372633e+17,0.00352655974432,0.00470216608341,0.00440377237042,31540.0,32842.01813,1.0,2.43897142015e-06,0.0,2.65627143915,0.0,0.0,0.000219629513054,0.000515956353862
210,0.05663485474,2.38111097932e+16,0.0035874695209,0.0046187871994,0.00464890482203,54880.0,16380.05009,0.0,9.80778062494e-10,0.0,2.63587058369,0.0,0.0,0.000733631528104,0.000722654845995
211,0.0261760998908,1.98067703943e+16,0.00343119403528,0.00185626882327,0.00216231332317,20.0,16.57474471,2.0,7.05940897157e-07,0.0,2.99128863916,0.0,0.0,-0.000262252889265,0.000378207064665
212,0.00653325008459,1.52074472666e+21,0.00279708806332,0.000537815969863,0.000533373038415,10690.0,4725.817576,1.0,1.52956730447e-06,0.0,1.49516377735,0.0,0.0,1.0967869227e-05,5.62679021074e-05
213,0.00627828093954,1.00569890801e+20,0.00286105956809,0.000529057265882,0.000513131614184,6290.0,4277.737736,3.0,4.62652497935e-05,0.0,2.1876783872,0.0,0.0,6.78966886759e-06,5.26856038818e-06
214,0.0256792737898,2.96422297778e+18,0.00317823065323,0.00225249821897,0.00209265773464,1590.0,571.5800515,4.0,8.93713648701e-06,0.0,3.66853451542,0.0,0.0,-0.000619464785956,-0.000578242322827
215,0.0367840552054,7.75357873976e+17,0.00331636726622,0.00298058517002,0.00298625084738,7480.0,268.6400064,2.0,3.73381387302e-07,0.0,2.87985447532,0.0,0.0,0.000561834008783,0.000729558388478
216,0.0551592946025,5.04582552006e+15,0.00355286243151,0.00474121513072,0.00447768006271,70890.0,9280.555933,1.0,1.39586060684e-09,0.0,1.90258041277,0.0,0.0,0.000422685352316,0.000219111549959
217,0.00136336943185,4.88601516475e+25,0.00194861827544,0.000101014958816,0.000113469890694,2120.0,703.8987771,2.0,1.70199133013e-06,0.0,0.218889367302,0.0,0.0,2.35950220777e-05,1.35346819549e-05
218,0.037048112044,2.29425586955e+15,0.00332445952241,0.00279196776996,0.00304442857417,5020.0,4552.731727,4.0,3.32079747739e-06,0.0,3.12930783193,0.0,0.0,0.000243374027354,0.000310445730841
219,0.0288851534876,1.85056096084e+15,0.00337055733832,0.00181102468927,0.00234886470528,900.0,2549.99124,0.0,6.44544428368e-10,0.0,3.62624996933,0.0,0.0,6.13348224481e-05,3.67969593863e-05
220,0.0357954924531,8.74910302971e+14,0.00338523051198,0.00270934045343,0.00290762424012,160.0,278.1269116,1.0,3.46025348337e-07,0.0,3.33940298178,0.0,0.0,-0.00163664825261,-0.00176254471551
221,0.00698302434748,7.18570535995e+18,0.00295927316197,0.000820224282281,0.000572417867845,5200.0,4673.60893,2.0,4.71215070626e-07,0.0,2.12084288508,0.0,0.0,-0.000203599450135,-0.000176932361212
222,0.0337160463533,2.75493730848e+18,0.00333135417756,0.00257018629374,0.00276303892132,23770.0,9172.091095,2.0,6.41632067234e-06,0.0,2.81450036994,0.0,0.0,0.000427473476685,0.000274190455317
223,0.0691598717668,1.49431103162e+18,0.0036434992711,0.00515782728563,0.00571785278904,35850.0,29108.0238,7.0,0.0011469585908,0.0,2.69591635409,0.0,0.0,0.000409071214292,0.000587135951229
224,0.0272965193761,3.19998746301e+19,0.00336494766408,0.00221231632268,0.00223768676898,13130.0,1857.421006,8.0,0.00161391728268,0.0,2.08795290451,0.0,0.0,0.000276351546325,0.00017725439767
225,0.00486357413542,1.34160219585e+22,0.00225374313281,0.000315468090118,0.000396603469166,0.0,0.0,0.0,4.49260092547e-08,0.0,2.18627285853,0.0,0.0,-0.000103929475883,-0.000164387297649
226,0.018370124801,3.01409579442e+17,0.00335750112196,0.00174162654901,0.00150916916364,110.0,141.0432562,7.0,0.000176438153543,0.0,2.93775418186,0.0,0.0,0.000426721787214,0.000419162932641
227,0.023933589909,8.45770768718e+13,0.00329286951504,0.00214598370171,0.0019477597373,5740.0,21816.28559,6.0,0.000597131296084,0.0,2.21781755308,0.0,0.0,-0.00010909880272,-6.88302581872e-06
228,0.0977505068803,20489053981.4,0.00356541211894,0.00827038153053,0.00793650413784,60.0,29.13378778,3.0,1.0774368882e-05,0.0,3.56980822217,0.0,0.0,0.00119731387432,0.00138873782551
229,0.0708971756738,25379486.8115,0.00352674473843,0.00574371512598,0.00576063222333,620.0,2879.911263,2.0,6.20948580941e-07,0.0,2.61974187569,0.0,0.0,-0.00274677448767,-0.00287599311791
230,0.0679111167021,6.11141303419e+12,0.00353997766333,0.00584685302359,0.00552221096725,50120.0,39447.63874,12.0,0.0311475428507,0.0,4.38627872087,0.0,0.0,0.000605278850559,0.000769473813045
231,0.0154244033827,4.26635591299e+16,0.00307592575795,0.00117277837253,0.00125818103406,230.0,1322.163444,5.0,0.000260292672136,0.0,2.8698830264,0.0,0.0,-0.000370352122311,-0.000388260470095
232,0.0771172025391,2572439360.21,0.00353562375417,0.00671133528548,0.00629673681762,30340.0,28853.96341,0.0,2.08486975918e-08,0.0,2.74842901692,0.0,0.0,0.000350043508065,0.000429925262853
233,0.0281455521584,2.63182927236e+19,0.0032717770025,0.00265618103699,0.00229801200312,10970.0,3983.349687,7.0,0.000340499548512,0.0,3.43028932589,0.0,0.0,0.000380803565238,0.000324148481129
234,0.03632098069,4.0171049443e+17,0.00344180579132,0.00306476808053,0.00293366391121,28340.0,17894.81861,1.0,1.32800487054e-10,0.0,3.37847575244,0.0,0.0,0.0008535142828,0.000856339361156
235,0.00161790414096,4.33271078062e+18,0.00179293791779,0.000102091899097,0.000132993220207,150.0,1042.841841,8.0,0.00171937467145,0.0,0.394070654734,0.0,0.0,2.01629878568e-05,5.23526407309e-05
236,0.0166976107113,3.19827148358e+17,0.00325094760529,0.000874744758979,0.00137810463782,1440.0,3486.841118,6.0,0.00046577239035,0.0,2.63731038377,0.0,0.0,0.000218456526435,0.000421375862657
237,0.0125876153316,2.08546627328e+20,0.00295488266887,0.000827109260178,0.00102575489695,7390.0,7420.93514,1.0,5.75731872678e-10,0.0,2.15023933408,0.0,0.0,0.000536974340964,0.000660478035305
238,0.00783281809717,7.45025843167e+19,0.00253329377358,0.000716363590533,0.000651874906106,0.0,0.0,0.0,2.11811530814e-09,0.0,1.82595734187,0.0,0.0,-0.000216216674078,-0.000190518807947
239,0.0647337371227,1.29861582005e+14,0.00350615542019,0.00437666005538,0.00526022413469,480.0,247.9403533,0.0,4.18286337089e-08,0.0,3.06268546403,0.0,0.0,-0.00286524528368,-0.00351431726216
240,0.00710047253628,1.23746175965e+21,0.00295852629309,0.000368309745252,0.000576142748013,0.0,0.0,6.0,9.86182899399e-05,0.0,0.752724798593,0.0,0.0,0.000391547695098,0.000557550219412
241,0.0456950561908,1.12469648363e+15,0.00341690436528,0.00402949005015,0.0037222971838,9740.0,34596.75988,3.0,4.08235212521e-06,0.0,3.52776034329,0.0,0.0,0.000947155478947,0.000573776428296
242,0.075892888825,3.67132797218e+13,0.00349329630964,0.006002466929,0.00619843380145,130.0,464.8697933,8.0,0.00223891212904,0.0,3.35208377135,0.0,0.0,0.00201627998702,0.00193310212611
243,0.0269620532969,7.1332223972e+14,0.00338911768129,0.00204360217127,0.0021985928656,10.0,2.884055088,0.0,8.90004057983e-26,0.0,1.94214464977,0.0,0.0,-0.000341351140675,0.00036476298273
244,0.0302513222316,2.07708181393e+13,0.00337889914997,0.00183062047639,0.00246242024508,14230.0,5545.713138,2.0,2.25279113826e-06,0.0,2.38549070889,0.0,0.0,8.64500555323e-05,-0.000134017619459
245,0.0303823320092,3.26022209486e+13,0.00345491740897,0.00244546622534,0.00247853772095,16290.0,11137.77649,7.0,0.000291926152009,0.0,2.72339943632,0.0,0.0,0.00042008236183,0.000346755749941
246,0.0589107870243,2.164220496e+12,0.00354180351281,0.00518046701927,0.00478018265048,900.0,996.7696766,0.0,4.36631723539e-13,0.0,2.41229592556,0.0,0.0,-0.00162599096299,-0.0015220765783
247,0.0280103419157,2.04409359472e+16,0.00336313504888,0.00227688297561,0.00229581855749,8390.0,14219.03168,7.0,0.000890340202613,0.0,3.64069220107,0.0,0.0,-0.000366361936351,-0.000408374095464
248,0.0355205178545,5.42734870965e+12,0.00344064471346,0.00270180124147,0.00291017725531,40.0,30.90749753,1.0,4.91492520078e-09,0.0,2.50901462206,0.0,0.0,-0.000244446180875,-0.00014471256566
249,0.0281321806008,5.80388678037e+19,0.00348895831207,0.00215954224036,0.00230185839934,2870.0,4272.702386,0.0,5.11384123948e-10,0.0,2.47269792473,0.0,0.0,0.000502155557139,0.000540728212775
250,0.0530147429386,1.63809721492e+12,0.0034250999048,0.00476273601299,0.00431778327989,30.0,22.15697158,2.0,2.1643328117e-07,0.0,3.38941682881,0.0,0.0,-0.00231198998288,-0.00197550011684
251,0.0140859825591,1.4870328577e+15,0.00313267715967,0.00129156879917,0.00114752204138,6260.0,6747.813079,4.0,2.49393315969e-06,0.0,2.40014030804,0.0,0.0,0.000101710294233,6.9055582512e-05
252,0.00193628173622,3.88751893047e+21,0.00233294084105,0.000136343556038,0.000158138446249,390.0,293.7885567,4.0,1.63846786387e-05,0.0,0.639647482921,0.0,0.0,2.31457047051e-05,-1.58287309418e-05
253,0.0298649122646,5.15971219257e+15,0.00345448046438,0.00257285337442,0.00243527371787,9010.0,20394.8669,2.0,1.88846597449e-06,0.0,2.84413914069,0.0,0.0,-0.000269398532691,-0.0004434382935
254,0.0017303838629,9.74484937045e+19,0.00203425957073,0.000176369681987,0.000141987021817,1110.0,22259.58088,5.0,0.000422406838285,0.0,0.935978031875,0.0,0.0,4.89280546884e-05,2.26468113779e-05
255,0.00518264488443,1.40875987047e+19,0.00253336056484,0.000367533654796,0.000431250899116,6890.0,1322.105942,2.0,1.40673285713e-07,0.0,1.49732830883,0.0,0.0,0.000233623693101,0.000158938087223
256,0.00291250594969,1.73564144823e+25,0.00214152686119,0.000267858414974,0.000247295844417,90.0,42.73057613,3.0,2.99582332955e-07,0.0,0.831878504537,0.0,0.0,0.000124716383654,0.000160147403179
257,0.04348607287,6.34660510089e+17,0.00344164679544,0.00354051426742,0.00354269221872,25640.0,46248.54219,14.0,0.0279258065856,0.0,4.54025816261,0.0,0.0,0.00089292482728,0.000634491450603
258,0.000147196849517,6.58281000351e+19,0.000714908209049,2.01339133759e-05,1.30134071486e-05,0.0,0.0,0.0,3.65973830323e-10,0.0,0.00892584954251,0.0,0.0,-8.15654889252e-06,-6.58807916223e-06
259,0.0162022982045,2.66967736405e+19,0.00332301474657,0.00137023216655,0.00137975179942,20.0,18.82732185,0.0,1.11719147896e-09,0.0,2.26166685548,0.0,0.0,-1.52400539028e-05,-0.000133134264521
260,0.192119229885,1.70875907946e+12,0.00359822836802,0.0152274259346,0.0153912870311,78110.0,48241.12998,9.0,0.00621231132278,0.0,5.88321300344,0.0,0.0,-0.0016140111619,-0.00126306123074
261,0.0157967690012,1.43726894916e+18,0.003264974249,0.00135876325646,0.00129797334105,0.0,0.0,2.0,1.75411510832e-05,0.0,2.51471918411,0.0,0.0,-0.000115578538805,-7.5344810748e-05
262,0.00220477260292,2.89509549993e+21,0.00204492580471,0.000201894578876,0.000183525923218,980.0,350.9915944,6.0,0.000566650277783,0.0,1.04075819782,0.0,0.0,4.95287592319e-05,1.16156094148e-05
263,0.0101459862188,1.08916108424e+19,0.00312385112252,0.000595986182678,0.000831046302062,1840.0,2930.321223,7.0,0.00125628781283,0.0,1.99213354219,0.0,0.0,8.56988960949e-05,-1.77935454391e-05
264,0.0149394181072,1.26474108687e+18,0.0027162251834,0.00137003079166,0.00123184647013,0.0,0.0,0.0,3.40620084169e-22,0.0,1.11977651555,0.0,0.0,-0.00067372508877,-0.000615926571426
265,0.0287506551655,8.26923268884e+11,0.00342722741899,0.00242412936333,0.00235805790144,18220.0,8444.690901,6.0,0.00018405050527,0.0,2.17284908104,0.0,0.0,0.000303742201833,0.000456840268127
266,0.0328038103634,9.36507717133e+11,0.00344499630004,0.00288959358151,0.00268117780449,16510.0,13022.3192,8.0,0.0017532941735,0.0,2.34381851591,0.0,0.0,0.000247723222254,0.000200623635041
267,0.00829079986293,1.82448062062e+18,0.00283787763638,0.00078501811534,0.000678063791669,40.0,16.18750444,6.0,0.000527071038817,0.0,3.42013302329,0.0,0.0,0.000307343639595,0.000308000333563
268,0.0472544819045,1.42905376379e+13,0.00346470308642,0.00417729673933,0.00384599358675,16000.0,7529.220657,2.0,8.78113776562e-08,0.0,2.60438677045,0.0,0.0,-0.00111779986098,-0.00112244421031
269,0.026827470326,2.73334482841e+19,0.00327914655442,0.00257997573743,0.0021712436203,20.0,9.486189843,0.0,1.02501994128e-21,0.0,2.27333539219,0.0,0.0,-0.00144294215505,-0.00132505544892
270,0.0801656637332,1.63389099127e+11,0.00344523278444,0.00621782946661,0.00652593775048,20.0,54.01559758,7.0,0.000535212196103,0.0,2.24956624484,0.0,0.0,0.000325006545222,0.000288568917873
271,0.0480161577383,3.6474485928e+14,0.00347726623908,0.00387674433356,0.00393295802938,43710.0,23161.50569,2.0,3.07178186917e-05,0.0,2.32434666672,0.0,0.0,7.63942183631e-05,0.000140115331476
272,0.0239899153961,2.19856378355e+18,0.0031991335347,0.0023421509251,0.00194836218531,21940.0,78874.9768,4.0,4.2449051505e-05,0.0,5.01851786747,0.0,0.0,0.000645912797808,0.000651846212543
273,0.0399355612859,8.64126824687e+19,0.00346758599857,0.00351043038286,0.00325355560914,31100.0,36577.25192,3.0,5.51365172952e-06,0.0,2.15711173245,0.0,0.0,0.000336334893429,0.000283297152643
274,0.0717950697575,6.42676651115e+12,0.0035581038284,0.00759100424918,0.00584005843729,33830.0,11039.52003,5.0,0.000507913487193,0.0,3.7040471447,0.0,0.0,0.000202395826831,0.000101571040279
275,0.0111221548991,1.42904657995e+21,0.0027066145905,0.000935744799334,0.000904375268692,20.0,4.631862877,0.0,5.26112558806e-24,0.0,1.49413987329,0.0,0.0,-0.000447567074968,-0.000490314039851
276,0.00206711535152,3.19411211342e+20,0.00222263993807,0.000167599235816,0.000169294627502,1000.0,1094.28202,4.0,7.1726033145e-05,0.0,0.138754526255,0.0,0.0,-5.05972141235e-05,-1.43675169635e-05
277,0.0604175165085,4.59907096783e+11,0.00358691518453,0.00478227929815,0.00494698222067,8470.0,4325.684409,4.0,3.35038800397e-05,0.0,3.15324460208,0.0,0.0,-0.000225651981741,-0.000381700836354
278,0.0559696306025,3.74179013009e+15,0.00351726482991,0.00472525446459,0.00457070620933,27900.0,15711.9267,3.0,8.88058029253e-05,0.0,3.49301920301,0.0,0.0,0.000338755225098,0.000189121893143
279,0.0227821835304,1.87766035285e+20,0.00315314688086,0.00188885598359,0.00185062865876,0.0,0.0,1.0,1.45501782728e-06,0.0,1.63543162278,0.0,0.0,-0.000181407551924,-0.000263065657243
280,0.142392158073,87290135810.7,0.00349940464255,0.0123412603815,0.0115113964038,60.0,37.70891699,3.0,1.54665722828e-06,0.0,3.58024738231,0.0,0.0,-0.00854790896713,-0.00793402011858
281,0.00543198997064,4.71634886016e+25,0.00248051302425,0.000427285108175,0.000442220970679,0.0,0.0,0.0,5.76098827364e-13,0.0,1.47524407582,0.0,0.0,-0.00022389145766,-0.000301728213382
282,0.0699923943156,1.41213274289e+16,0.00351776613748,0.00538382590213,0.00570343173369,28910.0,129614.9606,7.0,0.000202709861603,0.0,3.40584504243,0.0,0.0,0.00252916769564,0.00218069696162
283,0.0440746349792,6.5750052385e+13,0.00349997903496,0.00425077867166,0.00360564368895,8340.0,3845.566502,5.0,0.000132840304428,0.0,2.74311328905,0.0,0.0,0.000549504027944,0.000244578715169
284,0.0376218437135,2.80857829837e+16,0.00335827084438,0.00291459334887,0.00305597125548,26080.0,27464.73578,6.0,7.29412486196e-05,0.0,4.85549596409,0.0,0.0,0.000363746289507,0.000424648130023
285,0.0263475004529,9.90556934593e+13,0.00336198454767,0.0021232835877,0.00215166622034,10520.0,3283.905598,3.0,5.35170149836e-06,0.0,2.38279874499,0.0,0.0,-4.93927509367e-05,0.000136910939174
286,0.0582561665902,1.78751433404e+14,0.00351118575646,0.00476606618301,0.00473004102344,11310.0,29228.40704,4.0,3.32686812291e-05,0.0,3.23974885623,0.0,0.0,0.00245556822464,0.00303978820884
287,0.0137649341556,4.63905533548e+19,0.00314188832409,0.0005289091744,0.00112809353773,390.0,219.3432222,6.0,0.000852957350922,0.0,1.55133261188,0.0,0.0,3.14043341603e-05,5.23512063661e-05
288,0.0556092198994,6.77127195341e+16,0.00351759088499,0.0044671760039,0.00451685744709,38040.0,18533.49843,1.0,2.43677032385e-06,0.0,3.862905842,0.0,0.0,0.000968420422149,0.000888935379411
289,0.00889002596201,4.32789111345e+21,0.00277454682775,0.00111273539343,0.000722411084632,8610.0,51144.30026,7.0,0.000282007352834,0.0,3.86480716958,0.0,0.0,-2.23358489954e-05,0.000140732514262
290,0.000980240817808,2.71388110958e+22,0.00153610066281,9.36723898893e-05,8.04167583268e-05,0.0,0.0,4.0,1.86941897345e-05,0.0,0.531524261481,0.0,0.0,-2.78949804958e-06,9.59792729325e-06
291,0.0387879784227,6.97167222307e+12,0.0034126299225,0.00284394728498,0.00318258136575,26060.0,455.6985994,10.0,0.00182611706125,0.0,2.12603101475,0.0,0.0,-5.80109312601e-06,-0.000103146030774
292,0.0295236130358,4.48504362924e+15,0.00336053964357,0.00218906780449,0.00241673237523,3520.0,6410.985013,4.0,2.51617725164e-05,0.0,2.59448675751,0.0,0.0,0.000312992834859,0.000391183832459
293,0.0896460224984,5.07906611683e+12,0.00355861890467,0.00697822878648,0.00725365600481,59860.0,266892.3567,1.0,2.77010765898e-07,0.0,4.20818842196,0.0,0.0,0.00159755023997,0.00136686776489
294,0.0824898778042,3997247885.93,0.00359974505234,0.00646853365863,0.00685973313829,0.0,0.0,9.0,0.00384407346143,0.0,2.511303939,0.0,0.0,-5.23728385679e-05,-0.000438667266173
295,0.15454739375,6277572775.71,0.00359014603635,0.0126739775793,0.0124636228944,1920.0,1387.788916,0.0,2.01660901467e-07,0.0,5.20785866161,0.0,0.0,-0.00529964931396,-0.00508497258606
296,0.00982901145056,3.41320114195e+19,0.00291493230015,0.000913708399116,0.000801093936327,1010.0,313.7456651,6.0,0.000270447808169,0.0,2.32621918823,0.0,0.0,-5.23861860496e-06,2.82331476915e-05
297,0.00195479305654,7.18967643241e+20,0.00220706927964,0.000106407268499,0.000160392359552,0.0,0.0,2.0,1.27941459979e-06,0.0,0.5200829188,0.0,0.0,-3.66915794315e-05,-5.84731411778e-05
298,0.00827309258419,1.6932773958e+20,0.00306554205266,0.000846897046686,0.000683132098961,2630.0,754.914375,2.0,4.51143645133e-06,0.0,2.77372584907,0.0,0.0,-0.000103671527518,-9.3963881653e-05
299,0.0215259188597,2.37501647544e+14,0.00332107065552,0.00149157947823,0.00175790554787,12870.0,23093.12814,4.0,2.97395984209e-05,0.0,2.39363820773,0.0,0.0,-0.000182891152227,-0.000287710239293
300,0.0335805140228,5.8810658533e+11,0.00340126961808,0.00308103964025,0.0027888610795,32890.0,153251.7377,5.0,0.00122595878346,0.0,2.40431999561,0.0,0.0,0.000120056374787,0.000314571705708
301,0.0608121686015,2351642.99167,0.00356138045843,0.00482617198967,0.00497147600609,15650.0,4590.355261,1.0,1.34589377535e-06,0.0,2.41613852615,0.0,0.0,-0.000337805196699,-0.000343496007461
302,0.00302630585057,9.43065610861e+20,0.00179700195718,0.000261391544137,0.000244745910296,0.0,0.0,3.0,1.61352051093e-05,0.0,1.17628234814,0.0,0.0,-0.000181712124808,-0.000181664096692
303,0.0175943910822,1.47900095043e+19,0.00321628637617,0.00153309100675,0.00142293191279,10.0,68.38947599,0.0,9.50995953033e-09,0.0,2.26738315338,0.0,0.0,-0.000568430196186,-0.00064113260971
304,0.0232028798931,9.92658928199e+16,0.00334483201155,0.00181525500957,0.00190250659645,8810.0,6026.638147,2.0,1.33772812389e-07,0.0,2.42791314439,0.0,0.0,0.000233029827956,0.000235351305962
305,0.00901759318514,5.89581035978e+18,0.00285488066072,0.000634365789451,0.000774689029438,70.0,34.99219683,7.0,0.000363047406665,0.0,1.9037585816,0.0,0.0,-8.70447901338e-05,-0.00018953605151
306,0.0137706405744,8.1866463975e+20,0.00310158810883,0.00108858624307,0.00112223156147,0.0,0.0,0.0,9.63005898135e-09,0.0,2.59379987412,0.0,0.0,0.000798614330424,0.000972679049933
307,0.113026492768,4.70966712862e+15,0.00353404490649,0.0094865172627,0.00916039457445,51190.0,113682.307,3.0,8.83032416265e-06,0.0,3.87216994983,0.0,0.0,0.000178999719452,0.000336925705478
308,0.0191278209972,2.10388979862e+16,0.00333877864195,0.00171594171394,0.00155863212436,16750.0,15514.54067,1.0,1.3689567337e-06,0.0,2.41688224433,0.0,0.0,-6.27316282099e-05,0.000100591918428
309,0.00192055823422,3.05118710974e+22,0.00196153122116,0.00012510587238,0.000158671455208,2420.0,2692.289298,3.0,3.81143597069e-05,0.0,0.922688919774,0.0,0.0,3.66082892678e-05,0.00016094702524
310,0.0877789356282,3.96749387357e+14,0.00348526903778,0.00669785823259,0.00704944017731,25730.0,76158.9467,8.0,0.000609142076324,0.0,5.39902321022,0.0,0.0,0.00120370852865,0.00102869698775
311,0.0033349235401,5.66025905903e+21,0.00216328345305,0.000288051490684,0.0002694974434,280.0,141.8679916,0.0,6.16678501631e-12,0.0,0.77814685105,0.0,0.0,0.000334584018309,0.000343343523628
312,0.00952544001659,3.7277920578e+17,0.00310853422337,0.000997543274222,0.000777317342575,10460.0,3691.11545,2.0,7.22353532087e-06,0.0,2.19233244355,0.0,0.0,0.000105986947379,4.17849452655e-05
313,0.0315469888064,7.30489848595e+18,0.00343238805682,0.00234782957649,0.00258476170372,140.0,192.815718,0.0,4.03391748198e-11,0.0,2.03189695751,0.0,0.0,-0.000621409821297,-0.00093337733377
314,0.0093923031351,2.14804967369e+20,0.00300251047674,0.000875594590785,0.00076410933019,0.0,0.0,0.0,7.88768378118e-21,0.0,1.98292271146,0.0,0.0,-1.91356589369e-05,0.00017529518886
